{"mean": [11.454, 3.031, 49126.844, 21939.173, 6876.925, 200948.977, 101183.818, 3.531, 11.343, 3.62, 0.726, 0.262, 0.4482344005741179, 0.11495590008795262, 0.426, 0.0, 0.102, 0.827, 0.313, 0.165, 0.101, 0.44749000037834047, 8.832, 0.49515999963879587, 16.693], "scale": [7.033056519039215, 1.98041384563934, 28106.279992123895, 31385.80058566407, 6164.677025228086, 199015.1949202836, 92130.4548086401, 2.8026842490726636, 7.76410658092739, 1.8803191218513946, 1.2259380082206441, 0.43972263985380605, 0.23457484088485775, 0.17956284565603586, 0.4944936804449578, 1.0, 0.3026483107502832, 0.8019170780074458, 0.4637143517295966, 0.37118054905934933, 0.3013287241535397, 0.16746342773980352, 14.29516617601908, 0.2803515190951318, 12.833812800567102], "feature_order": ["hour_of_day", "day_of_week", "focused_app_hash", "focused_domain_hash", "idle_ms", "focused_since_ms", "title_stability_ms", "switch_count_60s", "switch_count_300s", "distinct_apps_300s", "distinct_domains_300s", "returned_to_anchor_app_300s", "current_app_share_300s", "current_domain_share_300s", "browser_window_flag", "afk_flag", "fullscreen_flag", "workspace_switch_count_300s", "audio_playing_flag", "media_session_active_flag", "mic_active_flag", "domain_productive_rate", "domain_label_count", "app_productive_rate", "app_label_count"], "schema_version": 4, "trained_at": "2026-06-01T23:49:52.022073", "architecture": "standard", "n_samples": 1000, "n_productive": 561, "n_unproductive": 439, "accuracy": 0.85, "accuracy_method": "held_out_test", "model_version": 1}