{"mean": [11.336, 3.022, 51113.629, 21999.418, 5687.234, 222745.082, 114235.006, 2.859, 9.75, 3.197, 0.675, 0.255, 0.5058981995023787, 0.1510988003909588, 0.434, 0.0, 0.049, 0.8, 0.261, 0.097, 0.103, 0.44319899996742607, 4.707, 0.49860099966451527, 8.373], "scale": [6.913689608306118, 1.973199432393999, 28192.34531831928, 31468.88670791002, 5208.096944877659, 197249.1581229367, 91963.30164509082, 2.515376512572223, 7.133968040298471, 1.8248810920166825, 1.1693481089906461, 0.43586121644395015, 0.2353646292887356, 0.22338846745737834, 0.49562485813364937, 1.0, 0.21586801523152982, 0.8136338242723198, 0.43917991757365227, 0.29595776725742473, 0.3039588787977742, 0.1807007498900227, 11.361564636967922, 0.28788187788620506, 12.52325321152615], "feature_order": ["hour_of_day", "day_of_week", "focused_app_hash", "focused_domain_hash", "idle_ms", "focused_since_ms", "title_stability_ms", "switch_count_60s", "switch_count_300s", "distinct_apps_300s", "distinct_domains_300s", "returned_to_anchor_app_300s", "current_app_share_300s", "current_domain_share_300s", "browser_window_flag", "afk_flag", "fullscreen_flag", "workspace_switch_count_300s", "audio_playing_flag", "media_session_active_flag", "mic_active_flag", "domain_productive_rate", "domain_label_count", "app_productive_rate", "app_label_count"], "schema_version": 4, "trained_at": "2026-06-09T22:37:47.016124", "architecture": "standard", "n_samples": 1000, "n_productive": 554, "n_unproductive": 446, "accuracy": 0.875, "accuracy_method": "held_out_test", "model_version": 2}