{"mean": [11.308333333333334, 2.8596666666666666, 48803.53, 21584.636666666665, 5187.881666666667, 261464.12333333332, 134681.23566666667, 2.445666666666667, 8.198, 2.8766666666666665, 0.5806666666666667, 0.25366666666666665, 0.5592378336067001, 0.171402666721493, 0.4226666666666667, 0.0, 0.153, 0.7076666666666667, 0.28833333333333333, 0.09233333333333334, 0.12166666666666667, 0.4802513333062331, 4.519333333333333, 0.5566936654088398, 7.812666666666667], "scale": [6.736512244642789, 1.9879570473785952, 28958.08891357358, 31491.990803504134, 4456.533422926826, 226632.68718784762, 112933.3829006912, 2.1258052330561448, 6.111420674987664, 1.651097278243236, 1.0552217249890607, 0.4351090540185171, 0.23837227621411802, 0.24350497750497269, 0.4939833555450584, 1.0, 0.3599874997829786, 0.8080065318767884, 0.4529870000587458, 0.28949592205916974, 0.32690042656577994, 0.16530009445015867, 10.8115505928716, 0.24574410421383994, 13.083408305517676], "feature_order": ["hour_of_day", "day_of_week", "focused_app_hash", "focused_domain_hash", "idle_ms", "focused_since_ms", "title_stability_ms", "switch_count_60s", "switch_count_300s", "distinct_apps_300s", "distinct_domains_300s", "returned_to_anchor_app_300s", "current_app_share_300s", "current_domain_share_300s", "browser_window_flag", "afk_flag", "fullscreen_flag", "workspace_switch_count_300s", "audio_playing_flag", "media_session_active_flag", "mic_active_flag", "domain_productive_rate", "domain_label_count", "app_productive_rate", "app_label_count"], "schema_version": 4, "trained_at": "2026-06-10T00:26:34.418477", "architecture": "deep", "n_samples": 3000, "n_productive": 1661, "n_unproductive": 1339, "accuracy": 0.8567, "accuracy_method": "held_out_test", "model_version": 3}