{"mean": [11.51, 2.846, 49860.72, 20223.144, 6212.99, 220452.468, 110445.468, 3.41, 11.07, 3.468, 0.646, 0.262, 0.4637380009815097, 0.11613140002638102, 0.422, 0.14, 0.156, 0.438, 0.0, 0.16, 0.838, 0.282, 0.076, 0.156, 0.14, 0.156], "scale": [6.896223604263423, 1.9814853014847222, 28870.381006450192, 30243.922795749626, 5599.009565798223, 209889.48743685323, 99116.88202202981, 2.837234569083071, 7.346366448796303, 1.8452577055793589, 1.1699076886660758, 0.43972263985380605, 0.24100068861243695, 0.1830457287944698, 0.49387852757535433, 0.3469870314579494, 0.3628553430776512, 0.496141108959941, 1.0, 0.36660605559646714, 0.7923105451778363, 0.449973332543163, 0.2649981132008302, 0.3628553430776512, 0.3469870314579494, 0.3628553430776512], "feature_order": ["hour_of_day", "day_of_week", "focused_app_hash", "focused_domain_hash", "idle_ms", "focused_since_ms", "title_stability_ms", "switch_count_60s", "switch_count_300s", "distinct_apps_300s", "distinct_domains_300s", "returned_to_anchor_app_300s", "current_app_share_300s", "current_domain_share_300s", "browser_window_flag", "communication_app_flag", "entertainment_domain_flag", "work_domain_flag", "afk_flag", "fullscreen_flag", "workspace_switch_count_300s", "dev_app_flag", "creative_app_flag", "office_app_flag", "comm_app_flag", "ent_app_flag"], "schema_version": 2, "trained_at": "2026-05-30T02:06:54.090570", "architecture": "standard", "n_samples": 500, "n_productive": 299, "n_unproductive": 201, "accuracy": 0.82, "accuracy_method": "held_out_test", "model_version": 2}